Name,bb_cluster_rank,bb_cluster_size,subcluster_rank,subcluster_size
50214110,1,260,1,106
50214107,1,260,1,106
50167944,1,260,1,106
50167943,1,260,1,106
50167942,1,260,1,106
50167945,1,260,1,106
50167984,1,260,1,106
50167948,1,260,1,106
50167949,1,260,1,106
50167951,1,260,1,106
50167941,1,260,1,106
50167972,1,260,1,106
50167973,1,260,1,106
50167974,1,260,1,106
50167934,1,260,1,106
50167976,1,260,1,106
50167987,1,260,1,106
50167977,1,260,1,106
50167978,1,260,1,106
50167980,1,260,1,106
50168358,1,260,1,106
50167992,1,260,1,106
50167981,1,260,1,106
50168355,1,260,1,106
50168361,1,260,1,106
50167990,1,260,1,106
50168372,1,260,1,106
50168374,1,260,1,106
50168380,1,260,1,106
50168375,1,260,1,106
50168363,1,260,1,106
50168364,1,260,1,106
50168373,1,260,1,106
50168420,1,260,1,106
50168387,1,260,1,106
50212883,1,260,1,106
50212888,1,260,1,106
50212887,1,260,1,106
50212894,1,260,1,106
50212893,1,260,1,106
50212892,1,260,1,106
50212898,1,260,1,106
50212902,1,260,1,106
50212901,1,260,1,106
50212897,1,260,1,106
50212896,1,260,1,106
50212899,1,260,1,106
50212922,1,260,1,106
50212920,1,260,1,106
50212928,1,260,1,106
50212933,1,260,1,106
50212938,1,260,1,106
50214043,1,260,1,106
50214042,1,260,1,106
50212924,1,260,1,106
50212937,1,260,1,106
50214045,1,260,1,106
50214046,1,260,1,106
50214052,1,260,1,106
50214048,1,260,1,106
50212935,1,260,1,106
50214047,1,260,1,106
50214053,1,260,1,106
50214056,1,260,1,106
50214054,1,260,1,106
50214050,1,260,1,106
50214083,1,260,1,106
50214062,1,260,1,106
50214060,1,260,1,106
50214098,1,260,1,106
50214103,1,260,1,106
50214101,1,260,1,106
50214104,1,260,1,106
50214108,1,260,1,106
50214105,1,260,1,106
50214112,1,260,1,106
50214111,1,260,1,106
50214113,1,260,1,106
50212929,1,260,1,106
50168357,1,260,1,106
50212900,1,260,1,106
50168362,1,260,1,106
50168458,1,260,1,106
50212926,1,260,1,106
50214049,1,260,1,106
50214055,1,260,1,106
50214064,1,260,1,106
50214041,1,260,1,106
50214106,1,260,1,106
50214061,1,260,1,106
50214077,1,260,1,106
50214109,1,260,1,106
50214114,1,260,1,106
50214092,1,260,1,106
50214100,1,260,1,106
50214102,1,260,1,106
50167950,1,260,1,106
50167971,1,260,1,106
50167937,1,260,1,106
50167975,1,260,1,106
50167947,1,260,1,106
50167939,1,260,1,106
50167988,1,260,1,106
50167979,1,260,1,106
50167938,1,260,1,106
50168376,1,260,1,106
50147863,1,260,2,65
28721,1,260,2,65
28720,1,260,2,65
28722,1,260,2,65
50209149,1,260,2,65
50209151,1,260,2,65
50209150,1,260,2,65
50147869,1,260,2,65
50147868,1,260,2,65
50147874,1,260,2,65
50162065,1,260,2,65
50147873,1,260,2,65
50209141,1,260,2,65
50209143,1,260,2,65
50147861,1,260,2,65
50209157,1,260,2,65
50209162,1,260,2,65
50209145,1,260,2,65
50147876,1,260,2,65
50209132,1,260,2,65
50209144,1,260,2,65
50209146,1,260,2,65
248242,1,260,2,65
50147878,1,260,2,65
50147867,1,260,2,65
50147888,1,260,2,65
50147879,1,260,2,65
248245,1,260,2,65
50147895,1,260,2,65
50147905,1,260,2,65
50147880,1,260,2,65
50147921,1,260,2,65
50147899,1,260,2,65
50147914,1,260,2,65
50147892,1,260,2,65
50147875,1,260,2,65
50147883,1,260,2,65
50147900,1,260,2,65
50147906,1,260,2,65
50197270,1,260,2,65
50162053,1,260,2,65
50162005,1,260,2,65
50162051,1,260,2,65
50161998,1,260,2,65
50162054,1,260,2,65
50162021,1,260,2,65
50162073,1,260,2,65
50162074,1,260,2,65
50162079,1,260,2,65
50162097,1,260,2,65
50162077,1,260,2,65
50162101,1,260,2,65
50162091,1,260,2,65
50162134,1,260,2,65
50162138,1,260,2,65
50162165,1,260,2,65
50147865,1,260,2,65
50147881,1,260,2,65
50162063,1,260,2,65
50147908,1,260,2,65
50147896,1,260,2,65
50147894,1,260,2,65
50147910,1,260,2,65
50147916,1,260,2,65
50162155,1,260,2,65
50197336,1,260,3,22
50210666,1,260,3,22
50197324,1,260,3,22
50197326,1,260,3,22
50197331,1,260,3,22
50197338,1,260,3,22
50197340,1,260,3,22
50197341,1,260,3,22
50197343,1,260,3,22
50197361,1,260,3,22
50197381,1,260,3,22
50197388,1,260,3,22
50197392,1,260,3,22
50197393,1,260,3,22
50197398,1,260,3,22
50197413,1,260,3,22
50197429,1,260,3,22
50197410,1,260,3,22
50197431,1,260,3,22
50197266,1,260,3,22
50197265,1,260,3,22
50197271,1,260,3,22
50163076,1,260,4,21
29073,1,260,4,21
29083,1,260,4,21
29086,1,260,4,21
50146844,1,260,4,21
50150455,1,260,4,21
50150462,1,260,4,21
50150469,1,260,4,21
50163076,1,260,4,21
50163079,1,260,4,21
50163097,1,260,4,21
50163161,1,260,4,21
50156294,1,260,4,21
50156296,1,260,4,21
30276,1,260,4,21
30274,1,260,4,21
50220574,1,260,4,21
50220579,1,260,4,21
50163097,1,260,4,21
50163091,1,260,4,21
50163079,1,260,4,21
50162157,1,260,5,12
50210663,1,260,5,12
50162125,1,260,5,12
50162110,1,260,5,12
50162111,1,260,5,12
50162114,1,260,5,12
50162119,1,260,5,12
50162142,1,260,5,12
50162153,1,260,5,12
50162154,1,260,5,12
50162152,1,260,5,12
50162127,1,260,5,12
50154205,1,260,6,11
50139675,1,260,6,11
50154283,1,260,6,11
50141643,1,260,6,11
50141634,1,260,6,11
50141639,1,260,6,11
50139666,1,260,6,11
50141640,1,260,6,11
50141638,1,260,6,11
50141644,1,260,6,11
50154310,1,260,6,11
50161010,1,260,7,7
54116,1,260,7,7
54115,1,260,7,7
54117,1,260,7,7
29109,1,260,7,7
29105,1,260,7,7
29148,1,260,7,7
50162118,1,260,8,6
50210640,1,260,8,6
50210644,1,260,8,6
50210655,1,260,8,6
50210664,1,260,8,6
50210675,1,260,8,6
50161012,1,260,9,5
50161015,1,260,9,5
50161015,1,260,9,5
50161014,1,260,9,5
50161017,1,260,9,5
50215516,2,127,1,26
50220795,2,127,1,26
50158051,2,127,1,26
50215519,2,127,1,26
50215544,2,127,1,26
50158057,2,127,1,26
50222406,2,127,1,26
50157415,2,127,1,26
50157426,2,127,1,26
50157441,2,127,1,26
50157501,2,127,1,26
50093271,2,127,1,26
50215543,2,127,1,26
50215937,2,127,1,26
50215700,2,127,1,26
50215938,2,127,1,26
50215910,2,127,1,26
50215978,2,127,1,26
50215995,2,127,1,26
50216010,2,127,1,26
50215968,2,127,1,26
50215985,2,127,1,26
50215530,2,127,1,26
50215906,2,127,1,26
50216014,2,127,1,26
50216011,2,127,1,26
50157456,2,127,2,16
50215905,2,127,2,16
50157480,2,127,2,16
50157435,2,127,2,16
50157458,2,127,2,16
50157489,2,127,2,16
50157520,2,127,2,16
50168766,2,127,2,16
50168798,2,127,2,16
50168736,2,127,2,16
50168805,2,127,2,16
50168838,2,127,2,16
284495,2,127,2,16
50093272,2,127,2,16
284494,2,127,2,16
50168821,2,127,2,16
288429,2,127,3,12
288415,2,127,3,12
288427,2,127,3,12
288449,2,127,3,12
288461,2,127,3,12
288463,2,127,3,12
288470,2,127,3,12
288483,2,127,3,12
288490,2,127,3,12
361714,2,127,3,12
361715,2,127,3,12
50248132,2,127,3,12
50220736,2,127,4,12
50220708,2,127,4,12
50220705,2,127,4,12
50220715,2,127,4,12
50220718,2,127,4,12
50220719,2,127,4,12
50220716,2,127,4,12
50220713,2,127,4,12
50220721,2,127,4,12
50220717,2,127,4,12
50220728,2,127,4,12
220608,2,127,4,12
50220829,2,127,5,10
50220806,2,127,5,10
50220799,2,127,5,10
50220801,2,127,5,10
50220826,2,127,5,10
50220827,2,127,5,10
50220825,2,127,5,10
50220814,2,127,5,10
50220830,2,127,5,10
50220828,2,127,5,10
50222508,2,127,6,7
50158039,2,127,6,7
50158056,2,127,6,7
50158059,2,127,6,7
50158053,2,127,6,7
50158052,2,127,6,7
50222475,2,127,6,7
50225098,2,127,7,6
50225042,2,127,7,6
50225097,2,127,7,6
50225095,2,127,7,6
50225120,2,127,7,6
50225103,2,127,7,6
50157506,2,127,8,6
50157432,2,127,8,6
50157457,2,127,8,6
50222500,2,127,8,6
50222480,2,127,8,6
50157513,2,127,8,6
270667,2,127,9,6
270662,2,127,9,6
270664,2,127,9,6
270652,2,127,9,6
270654,2,127,9,6
270668,2,127,9,6
284491,2,127,10,5
284490,2,127,10,5
284493,2,127,10,5
284492,2,127,10,5
284484,2,127,10,5
50248153,2,127,11,3
50248146,2,127,11,3
50248150,2,127,11,3
298712,2,127,12,3
290128,2,127,12,3
298703,2,127,12,3
50491825,3,55,1,38
50491832,3,55,1,38
220581,3,55,1,38
26899,3,55,1,38
220575,3,55,1,38
25935,3,55,1,38
220577,3,55,1,38
220580,3,55,1,38
220576,3,55,1,38
220578,3,55,1,38
220584,3,55,1,38
220589,3,55,1,38
220591,3,55,1,38
220585,3,55,1,38
220583,3,55,1,38
220592,3,55,1,38
220588,3,55,1,38
220593,3,55,1,38
220590,3,55,1,38
220596,3,55,1,38
220594,3,55,1,38
220595,3,55,1,38
220597,3,55,1,38
220600,3,55,1,38
220599,3,55,1,38
220598,3,55,1,38
220604,3,55,1,38
220607,3,55,1,38
220602,3,55,1,38
220601,3,55,1,38
220613,3,55,1,38
220612,3,55,1,38
220603,3,55,1,38
220614,3,55,1,38
220615,3,55,1,38
330376,3,55,1,38
50491820,3,55,1,38
50491826,3,55,1,38
50491831,3,55,2,5
50491801,3,55,2,5
50491798,3,55,2,5
50491830,3,55,2,5
50491792,3,55,2,5
50220835,3,55,3,5
50220798,3,55,3,5
50220832,3,55,3,5
50220804,3,55,3,5
50220833,3,55,3,5
330377,3,55,4,4
330374,3,55,4,4
330375,3,55,4,4
330378,3,55,4,4
50216852,4,29,1,29
50216819,4,29,1,29
50216904,4,29,1,29
50216777,4,29,1,29
50216797,4,29,1,29
50216969,4,29,1,29
50216959,4,29,1,29
50216917,4,29,1,29
50216966,4,29,1,29
50217011,4,29,1,29
50216982,4,29,1,29
50216810,4,29,1,29
50216768,4,29,1,29
50216811,4,29,1,29
50216813,4,29,1,29
50216820,4,29,1,29
50216816,4,29,1,29
50216821,4,29,1,29
50216814,4,29,1,29
50216835,4,29,1,29
50216834,4,29,1,29
50216827,4,29,1,29
50216847,4,29,1,29
50216843,4,29,1,29
50216815,4,29,1,29
50216994,4,29,1,29
50216991,4,29,1,29
50216996,4,29,1,29
50216998,4,29,1,29
298715,5,28,1,19
298714,5,28,1,19
290127,5,28,1,19
290125,5,28,1,19
290123,5,28,1,19
290124,5,28,1,19
290130,5,28,1,19
290128,5,28,1,19
290129,5,28,1,19
298703,5,28,1,19
298704,5,28,1,19
298705,5,28,1,19
290146,5,28,1,19
298706,5,28,1,19
298709,5,28,1,19
298712,5,28,1,19
298716,5,28,1,19
298718,5,28,1,19
298711,5,28,1,19
50156416,5,28,2,4
50156407,5,28,2,4
50156417,5,28,2,4
50156415,5,28,2,4
50220694,6,25,1,23
50220693,6,25,1,23
50220598,6,25,1,23
50220691,6,25,1,23
50220700,6,25,1,23
50220582,6,25,1,23
50220583,6,25,1,23
50220587,6,25,1,23
50220588,6,25,1,23
50220589,6,25,1,23
50220590,6,25,1,23
50220591,6,25,1,23
50220592,6,25,1,23
50220593,6,25,1,23
50220680,6,25,1,23
50220681,6,25,1,23
50220682,6,25,1,23
50220686,6,25,1,23
50220692,6,25,1,23
50220690,6,25,1,23
50220696,6,25,1,23
50220698,6,25,1,23
50220701,6,25,1,23
50169586,7,23,1,17
50169583,7,23,1,17
50125053,7,23,1,17
50134549,7,23,1,17
50169576,7,23,1,17
50169570,7,23,1,17
50169569,7,23,1,17
50169577,7,23,1,17
50169567,7,23,1,17
50169585,7,23,1,17
50169589,7,23,1,17
50169588,7,23,1,17
50169593,7,23,1,17
50169591,7,23,1,17
50169579,7,23,1,17
50169572,7,23,1,17
50209337,7,23,1,17
50141632,7,23,2,3
50139668,7,23,2,3
50141631,7,23,2,3
50225010,8,20,1,20
50225004,8,20,1,20
50225008,8,20,1,20
50225002,8,20,1,20
50225012,8,20,1,20
50225000,8,20,1,20
50224999,8,20,1,20
50225010,8,20,1,20
50225006,8,20,1,20
50224998,8,20,1,20
50225014,8,20,1,20
50225011,8,20,1,20
50225003,8,20,1,20
50225005,8,20,1,20
50225007,8,20,1,20
50225009,8,20,1,20
50225013,8,20,1,20
50225003,8,20,1,20
50225001,8,20,1,20
50225005,8,20,1,20
50253336,9,18,1,18
50253350,9,18,1,18
50253358,9,18,1,18
50253353,9,18,1,18
50253348,9,18,1,18
50253516,9,18,1,18
50253512,9,18,1,18
50253511,9,18,1,18
50253515,9,18,1,18
50253508,9,18,1,18
50253509,9,18,1,18
50253340,9,18,1,18
50253334,9,18,1,18
50253455,9,18,1,18
50253432,9,18,1,18
50253354,9,18,1,18
50253451,9,18,1,18
50253462,9,18,1,18
450315,10,14,1,13
450350,10,14,1,13
450352,10,14,1,13
450353,10,14,1,13
450355,10,14,1,13
450368,10,14,1,13
450370,10,14,1,13
450310,10,14,1,13
450372,10,14,1,13
450373,10,14,1,13
450374,10,14,1,13
450375,10,14,1,13
450316,10,14,1,13
50529663,11,11,1,11
290114,11,11,1,11
290116,11,11,1,11
290121,11,11,1,11
50529660,11,11,1,11
50529662,11,11,1,11
50529664,11,11,1,11
50529665,11,11,1,11
50529670,11,11,1,11
50529671,11,11,1,11
50529672,11,11,1,11
50145672,12,8,1,7
50216006,12,8,1,7
50215908,12,8,1,7
50145430,12,8,1,7
50145427,12,8,1,7
50145672,12,8,1,7
50145427,12,8,1,7
50215542,13,7,1,6
50215521,13,7,1,6
50157418,13,7,1,6
50218462,13,7,1,6
408871,13,7,1,6
50218462,13,7,1,6
50198734,14,7,1,7
50198747,14,7,1,7
50198749,14,7,1,7
50198753,14,7,1,7
50198735,14,7,1,7
50198736,14,7,1,7
50198733,14,7,1,7
50176700,15,6,1,6
50176687,15,6,1,6
50176682,15,6,1,6
50176689,15,6,1,6
50176692,15,6,1,6
50176688,15,6,1,6
50093295,16,6,1,6
50093308,16,6,1,6
603571,16,6,1,6
663041,16,6,1,6
50224501,16,6,1,6
50093293,16,6,1,6
253261,17,6,1,6
253236,17,6,1,6
253262,17,6,1,6
253264,17,6,1,6
315434,17,6,1,6
315435,17,6,1,6
50172246,18,6,1,6
50172240,18,6,1,6
50172243,18,6,1,6
50172250,18,6,1,6
50172241,18,6,1,6
50172244,18,6,1,6
50156600,19,5,1,5
50156600,19,5,1,5
50156605,19,5,1,5
50156604,19,5,1,5
50156595,19,5,1,5
50168791,20,5,1,5
50157417,20,5,1,5
50168820,20,5,1,5
50157419,20,5,1,5
50168753,20,5,1,5
50168827,21,4,1,4
50168747,21,4,1,4
50168768,21,4,1,4
50168824,21,4,1,4
408873,22,4,1,3
50215526,22,4,1,3
50215908,22,4,1,3
450385,24,4,1,4
450381,24,4,1,4
450383,24,4,1,4
450319,24,4,1,4
50216783,25,4,1,4
50216760,25,4,1,4
50216762,25,4,1,4
50216839,25,4,1,4
50217004,26,4,1,4
50216755,26,4,1,4
50216763,26,4,1,4
50217003,26,4,1,4
50216833,27,4,1,4
50216776,27,4,1,4
50216801,27,4,1,4
50216793,27,4,1,4
50199283,28,3,1,3
270433,28,3,1,3
442094,28,3,1,3
50249261,29,3,1,3
50249210,29,3,1,3
50249256,29,3,1,3
50168839,30,3,1,3
50168737,30,3,1,3
50168840,30,3,1,3
50176723,32,3,1,3
50176694,32,3,1,3
50176725,32,3,1,3
300564,33,3,1,3
300563,33,3,1,3
300565,33,3,1,3
450369,34,3,1,3
450347,34,3,1,3
450354,34,3,1,3
50164879,35,3,1,3
50164882,35,3,1,3
50164878,35,3,1,3
